english,french
The cat is in the garden.,Le chat est dans le jardin.
The cat is at home.,Le chat est à la maison.
The cat is in the school.,Le chat est dans l'école.
The cat is in the park.,Le chat est dans le parc.
The cat is in the kitchen.,Le chat est dans la cuisine.
The cat is in the room.,Le chat est dans la chambre.
The cat is on the street.,Le chat est dans la rue.
The cat is at the station.,Le chat est à la gare.
The cat is in the village.,Le chat est dans le village.
The cat is near the river.,Le chat est près de la rivière.
The dog is in the garden.,Le chien est dans le jardin.
The dog is at home.,Le chien est à la maison.
The dog is in the school.,Le chien est dans l'école.
The dog is in the park.,Le chien est dans le parc.
The dog is in the kitchen.,Le chien est dans la cuisine.
The dog is in the room.,Le chien est dans la chambre.
The dog is on the street.,Le chien est dans la rue.
The dog is at the station.,Le chien est à la gare.
The dog is in the village.,Le chien est dans le village.
The dog is near the river.,Le chien est près de la rivière.
The bird is in the garden.,L'oiseau est dans le jardin.
The bird is at home.,L'oiseau est à la maison.
The bird is in the school.,L'oiseau est dans l'école.
The bird is in the park.,L'oiseau est dans le parc.
The bird is in the kitchen.,L'oiseau est dans la cuisine.
The bird is in the room.,L'oiseau est dans la chambre.
The bird is on the street.,L'oiseau est dans la rue.
The bird is at the station.,L'oiseau est à la gare.
The bird is in the village.,L'oiseau est dans le village.
The bird is near the river.,L'oiseau est près de la rivière.
The rabbit is in the garden.,Le lapin est dans le jardin.
The rabbit is at home.,Le lapin est à la maison.
The rabbit is in the school.,Le lapin est dans l'école.
The rabbit is in the park.,Le lapin est dans le parc.
The rabbit is in the kitchen.,Le lapin est dans la cuisine.
The rabbit is in the room.,Le lapin est dans la chambre.
The rabbit is on the street.,Le lapin est dans la rue.
The rabbit is at the station.,Le lapin est à la gare.
The rabbit is in the village.,Le lapin est dans le village.
The rabbit is near the river.,Le lapin est près de la rivière.
The horse is in the garden.,Le cheval est dans le jardin.
The horse is at home.,Le cheval est à la maison.
The horse is in the school.,Le cheval est dans l'école.
The horse is in the park.,Le cheval est dans le parc.
The horse is in the kitchen.,Le cheval est dans la cuisine.
The horse is in the room.,Le cheval est dans la chambre.
The horse is on the street.,Le cheval est dans la rue.
The horse is at the station.,Le cheval est à la gare.
The horse is in the village.,Le cheval est dans le village.
The horse is near the river.,Le cheval est près de la rivière.
The child is in the garden.,L'enfant est dans le jardin.
The child is at home.,L'enfant est à la maison.
The child is in the school.,L'enfant est dans l'école.
The child is in the park.,L'enfant est dans le parc.
The child is in the kitchen.,L'enfant est dans la cuisine.
The child is in the room.,L'enfant est dans la chambre.
The child is on the street.,L'enfant est dans la rue.
The child is at the station.,L'enfant est à la gare.
The child is in the village.,L'enfant est dans le village.
The child is near the river.,L'enfant est près de la rivière.
The teacher is in the garden.,Le professeur est dans le jardin.
The teacher is at home.,Le professeur est à la maison.
The teacher is in the school.,Le professeur est dans l'école.
The teacher is in the park.,Le professeur est dans le parc.
The teacher is in the kitchen.,Le professeur est dans la cuisine.
The teacher is in the room.,Le professeur est dans la chambre.
The teacher is on the street.,Le professeur est dans la rue.
The teacher is at the station.,Le professeur est à la gare.
The teacher is in the village.,Le professeur est dans le village.
The teacher is near the river.,Le professeur est près de la rivière.
The doctor is in the garden.,Le médecin est dans le jardin.
The doctor is at home.,Le médecin est à la maison.
The doctor is in the school.,Le médecin est dans l'école.
The doctor is in the park.,Le médecin est dans le parc.
The doctor is in the kitchen.,Le médecin est dans la cuisine.
The doctor is in the room.,Le médecin est dans la chambre.
The doctor is on the street.,Le médecin est dans la rue.
The doctor is at the station.,Le médecin est à la gare.
The doctor is in the village.,Le médecin est dans le village.
The doctor is near the river.,Le médecin est près de la rivière.
The friend is in the garden.,L'ami est dans le jardin.
The friend is at home.,L'ami est à la maison.
The friend is in the school.,L'ami est dans l'école.
The friend is in the park.,L'ami est dans le parc.
The friend is in the kitchen.,L'ami est dans la cuisine.
The friend is in the room.,L'ami est dans la chambre.
The friend is on the street.,L'ami est dans la rue.
The friend is at the station.,L'ami est à la gare.
The friend is in the village.,L'ami est dans le village.
The friend is near the river.,L'ami est près de la rivière.
The student is in the garden.,L'étudiant est dans le jardin.
The student is at home.,L'étudiant est à la maison.
The student is in the school.,L'étudiant est dans l'école.
The student is in the park.,L'étudiant est dans le parc.
The student is in the kitchen.,L'étudiant est dans la cuisine.
The student is in the room.,L'étudiant est dans la chambre.
The student is on the street.,L'étudiant est dans la rue.
The student is at the station.,L'étudiant est à la gare.
The student is in the village.,L'étudiant est dans le village.
The student is near the river.,L'étudiant est près de la rivière.
The cat has a book.,Le chat a un livre.
The cat has a ball.,Le chat a une balle.
The cat has an apple.,Le chat a une pomme.
The cat has a key.,Le chat a une clé.
The cat has a bag.,Le chat a un sac.
The cat has a letter.,Le chat a une lettre.
The cat has a flower.,Le chat a une fleur.
The cat has a chair.,Le chat a une chaise.
The cat has a map.,Le chat a une carte.
The cat has a phone.,Le chat a un téléphone.
The dog has a book.,Le chien a un livre.
The dog has a ball.,Le chien a une balle.
The dog has an apple.,Le chien a une pomme.
The dog has a key.,Le chien a une clé.
The dog has a bag.,Le chien a un sac.
The dog has a letter.,Le chien a une lettre.
The dog has a flower.,Le chien a une fleur.
The dog has a chair.,Le chien a une chaise.
The dog has a map.,Le chien a une carte.
The dog has a phone.,Le chien a un téléphone.
The bird has a book.,L'oiseau a un livre.
The bird has a ball.,L'oiseau a une balle.
The bird has an apple.,L'oiseau a une pomme.
The bird has a key.,L'oiseau a une clé.
The bird has a bag.,L'oiseau a un sac.
The bird has a letter.,L'oiseau a une lettre.
The bird has a flower.,L'oiseau a une fleur.
The bird has a chair.,L'oiseau a une chaise.
The bird has a map.,L'oiseau a une carte.
The bird has a phone.,L'oiseau a un téléphone.
The rabbit has a book.,Le lapin a un livre.
The rabbit has a ball.,Le lapin a une balle.
The rabbit has an apple.,Le lapin a une pomme.
The rabbit has a key.,Le lapin a une clé.
The rabbit has a bag.,Le lapin a un sac.
The rabbit has a letter.,Le lapin a une lettre.
The rabbit has a flower.,Le lapin a une fleur.
The rabbit has a chair.,Le lapin a une chaise.
The rabbit has a map.,Le lapin a une carte.
The rabbit has a phone.,Le lapin a un téléphone.
The horse has a book.,Le cheval a un livre.
The horse has a ball.,Le cheval a une balle.
The horse has an apple.,Le cheval a une pomme.
The horse has a key.,Le cheval a une clé.
The horse has a bag.,Le cheval a un sac.
The horse has a letter.,Le cheval a une lettre.
The horse has a flower.,Le cheval a une fleur.
The horse has a chair.,Le cheval a une chaise.
The horse has a map.,Le cheval a une carte.
The horse has a phone.,Le cheval a un téléphone.
The child has a book.,L'enfant a un livre.
The child has a ball.,L'enfant a une balle.
The child has an apple.,L'enfant a une pomme.
The child has a key.,L'enfant a une clé.
The child has a bag.,L'enfant a un sac.
The child has a letter.,L'enfant a une lettre.
The child has a flower.,L'enfant a une fleur.
The child has a chair.,L'enfant a une chaise.
The child has a map.,L'enfant a une carte.
The child has a phone.,L'enfant a un téléphone.
The teacher has a book.,Le professeur a un livre.
The teacher has a ball.,Le professeur a une balle.
The teacher has an apple.,Le professeur a une pomme.
The teacher has a key.,Le professeur a une clé.
The teacher has a bag.,Le professeur a un sac.
The teacher has a letter.,Le professeur a une lettre.
The teacher has a flower.,Le professeur a une fleur.
The teacher has a chair.,Le professeur a une chaise.
The teacher has a map.,Le professeur a une carte.
The teacher has a phone.,Le professeur a un téléphone.
The doctor has a book.,Le médecin a un livre.
The doctor has a ball.,Le médecin a une balle.
The doctor has an apple.,Le médecin a une pomme.
The doctor has a key.,Le médecin a une clé.
The doctor has a bag.,Le médecin a un sac.
The doctor has a letter.,Le médecin a une lettre.
The doctor has a flower.,Le médecin a une fleur.
The doctor has a chair.,Le médecin a une chaise.
The doctor has a map.,Le médecin a une carte.
The doctor has a phone.,Le médecin a un téléphone.
The friend has a book.,L'ami a un livre.
The friend has a ball.,L'ami a une balle.
The friend has an apple.,L'ami a une pomme.
The friend has a key.,L'ami a une clé.
The friend has a bag.,L'ami a un sac.
The friend has a letter.,L'ami a une lettre.
The friend has a flower.,L'ami a une fleur.
The friend has a chair.,L'ami a une chaise.
The friend has a map.,L'ami a une carte.
The friend has a phone.,L'ami a un téléphone.
The student has a book.,L'étudiant a un livre.
The student has a ball.,L'étudiant a une balle.
The student has an apple.,L'étudiant a une pomme.
The student has a key.,L'étudiant a une clé.
The student has a bag.,L'étudiant a un sac.
The student has a letter.,L'étudiant a une lettre.
The student has a flower.,L'étudiant a une fleur.
The student has a chair.,L'étudiant a une chaise.
The student has a map.,L'étudiant a une carte.
The student has a phone.,L'étudiant a un téléphone.
The cat runs.,Le chat court.
The cat walks.,Le chat marche.
The cat sleeps.,Le chat dort.
The cat reads.,Le chat lit.
The cat writes.,Le chat écrit.
The cat waits.,Le chat attend.
The cat smiles.,Le chat sourit.
The cat sings.,Le chat chante.
The cat works.,Le chat travaille.
The cat listens.,Le chat écoute.
The dog runs.,Le chien court.
The dog walks.,Le chien marche.
The dog sleeps.,Le chien dort.
The dog reads.,Le chien lit.
The dog writes.,Le chien écrit.
The dog waits.,Le chien attend.
The dog smiles.,Le chien sourit.
The dog sings.,Le chien chante.
The dog works.,Le chien travaille.
The dog listens.,Le chien écoute.
The bird runs.,L'oiseau court.
The bird walks.,L'oiseau marche.
The bird sleeps.,L'oiseau dort.
The bird reads.,L'oiseau lit.
The bird writes.,L'oiseau écrit.
The bird waits.,L'oiseau attend.
The bird smiles.,L'oiseau sourit.
The bird sings.,L'oiseau chante.
The bird works.,L'oiseau travaille.
The bird listens.,L'oiseau écoute.
The rabbit runs.,Le lapin court.
The rabbit walks.,Le lapin marche.
The rabbit sleeps.,Le lapin dort.
The rabbit reads.,Le lapin lit.
The rabbit writes.,Le lapin écrit.
The rabbit waits.,Le lapin attend.
The rabbit smiles.,Le lapin sourit.
The rabbit sings.,Le lapin chante.
The rabbit works.,Le lapin travaille.
The rabbit listens.,Le lapin écoute.
The horse runs.,Le cheval court.
The horse walks.,Le cheval marche.
The horse sleeps.,Le cheval dort.
The horse reads.,Le cheval lit.
The horse writes.,Le cheval écrit.
The horse waits.,Le cheval attend.
The horse smiles.,Le cheval sourit.
The horse sings.,Le cheval chante.
The horse works.,Le cheval travaille.
The horse listens.,Le cheval écoute.
The child runs.,L'enfant court.
The child walks.,L'enfant marche.
The child sleeps.,L'enfant dort.
The child reads.,L'enfant lit.
The child writes.,L'enfant écrit.
The child waits.,L'enfant attend.
The child smiles.,L'enfant sourit.
The child sings.,L'enfant chante.
The child works.,L'enfant travaille.
The child listens.,L'enfant écoute.
The teacher runs.,Le professeur court.
The teacher walks.,Le professeur marche.
The teacher sleeps.,Le professeur dort.
The teacher reads.,Le professeur lit.
The teacher writes.,Le professeur écrit.
The teacher waits.,Le professeur attend.
The teacher smiles.,Le professeur sourit.
The teacher sings.,Le professeur chante.
The teacher works.,Le professeur travaille.
The teacher listens.,Le professeur écoute.
The doctor runs.,Le médecin court.
The doctor walks.,Le médecin marche.
The doctor sleeps.,Le médecin dort.
The doctor reads.,Le médecin lit.
The doctor writes.,Le médecin écrit.
The doctor waits.,Le médecin attend.
The doctor smiles.,Le médecin sourit.
The doctor sings.,Le médecin chante.
The doctor works.,Le médecin travaille.
The doctor listens.,Le médecin écoute.
The friend runs.,L'ami court.
The friend walks.,L'ami marche.
The friend sleeps.,L'ami dort.
The friend reads.,L'ami lit.
The friend writes.,L'ami écrit.
The friend waits.,L'ami attend.
The friend smiles.,L'ami sourit.
The friend sings.,L'ami chante.
The friend works.,L'ami travaille.
The friend listens.,L'ami écoute.
The student runs.,L'étudiant court.
The student walks.,L'étudiant marche.
The student sleeps.,L'étudiant dort.
The student reads.,L'étudiant lit.
The student writes.,L'étudiant écrit.
The student waits.,L'étudiant attend.
The student smiles.,L'étudiant sourit.
The student sings.,L'étudiant chante.
The student works.,L'étudiant travaille.
The student listens.,L'étudiant écoute.
I see a book.,Je vois un livre.
I see a ball.,Je vois une balle.
I see an apple.,Je vois une pomme.
I see a key.,Je vois une clé.
I see a bag.,Je vois un sac.
I see a letter.,Je vois une lettre.
I see a flower.,Je vois une fleur.
I see a chair.,Je vois une chaise.
I see a map.,Je vois une carte.
I see a phone.,Je vois un téléphone.
I like a book.,J'aime un livre.
I like a ball.,J'aime une balle.
I like an apple.,J'aime une pomme.
I like a key.,J'aime une clé.
I like a bag.,J'aime un sac.
I like a letter.,J'aime une lettre.
I like a flower.,J'aime une fleur.
I like a chair.,J'aime une chaise.
I like a map.,J'aime une carte.
I like a phone.,J'aime un téléphone.
I need a book.,J'ai besoin de un livre.
I need a ball.,J'ai besoin de une balle.
I need an apple.,J'ai besoin de une pomme.
I need a key.,J'ai besoin de une clé.
I need a bag.,J'ai besoin de un sac.
I need a letter.,J'ai besoin de une lettre.
I need a flower.,J'ai besoin de une fleur.
I need a chair.,J'ai besoin de une chaise.
I need a map.,J'ai besoin de une carte.
I need a phone.,J'ai besoin de un téléphone.
I want a book.,Je veux un livre.
I want a ball.,Je veux une balle.
I want an apple.,Je veux une pomme.
I want a key.,Je veux une clé.
I want a bag.,Je veux un sac.
I want a letter.,Je veux une lettre.
I want a flower.,Je veux une fleur.
I want a chair.,Je veux une chaise.
I want a map.,Je veux une carte.
I want a phone.,Je veux un téléphone.
I find a book.,Je trouve un livre.
I find a ball.,Je trouve une balle.
I find an apple.,Je trouve une pomme.
I find a key.,Je trouve une clé.
I find a bag.,Je trouve un sac.
I find a letter.,Je trouve une lettre.
I find a flower.,Je trouve une fleur.
I find a chair.,Je trouve une chaise.
I find a map.,Je trouve une carte.
I find a phone.,Je trouve un téléphone.
I carry a book.,Je porte un livre.
I carry a ball.,Je porte une balle.
I carry an apple.,Je porte une pomme.
I carry a key.,Je porte une clé.
I carry a bag.,Je porte un sac.
I carry a letter.,Je porte une lettre.
I carry a flower.,Je porte une fleur.
I carry a chair.,Je porte une chaise.
I carry a map.,Je porte une carte.
I carry a phone.,Je porte un téléphone.
I open a book.,J'ouvre un livre.
I open a ball.,J'ouvre une balle.
I open an apple.,J'ouvre une pomme.
I open a key.,J'ouvre une clé.
I open a bag.,J'ouvre un sac.
I open a letter.,J'ouvre une lettre.
I open a flower.,J'ouvre une fleur.
I open a chair.,J'ouvre une chaise.
I open a map.,J'ouvre une carte.
I open a phone.,J'ouvre un téléphone.
I close a book.,Je ferme un livre.
I close a ball.,Je ferme une balle.
I close an apple.,Je ferme une pomme.
I close a key.,Je ferme une clé.
I close a bag.,Je ferme un sac.
I close a letter.,Je ferme une lettre.
I close a flower.,Je ferme une fleur.
I close a chair.,Je ferme une chaise.
I close a map.,Je ferme une carte.
I close a phone.,Je ferme un téléphone.
I take a book.,Je prends un livre.
I take a ball.,Je prends une balle.
I take an apple.,Je prends une pomme.
I take a key.,Je prends une clé.
I take a bag.,Je prends un sac.
I take a letter.,Je prends une lettre.
I take a flower.,Je prends une fleur.
I take a chair.,Je prends une chaise.
I take a map.,Je prends une carte.
I take a phone.,Je prends un téléphone.
I know a book.,Je connais un livre.
I know a ball.,Je connais une balle.
I know an apple.,Je connais une pomme.
I know a key.,Je connais une clé.
I know a bag.,Je connais un sac.
I know a letter.,Je connais une lettre.
I know a flower.,Je connais une fleur.
I know a chair.,Je connais une chaise.
I know a map.,Je connais une carte.
I know a phone.,Je connais un téléphone.
The cats run.,Les chats courent.
The cats walk.,Les chats marchent.
The cats sleep.,Les chats dorment.
The cats read.,Les chats lisent.
The cats write.,Les chats écrivent.
The cats wait.,Les chats attendent.
The cats smile.,Les chats sourient.
The cats sing.,Les chats chantent.
The cats work.,Les chats travaillent.
The cats listen.,Les chats écoutent.
The dogs run.,Les chiens courent.
The dogs walk.,Les chiens marchent.
The dogs sleep.,Les chiens dorment.
The dogs read.,Les chiens lisent.
The dogs write.,Les chiens écrivent.
The dogs wait.,Les chiens attendent.
The dogs smile.,Les chiens sourient.
The dogs sing.,Les chiens chantent.
The dogs work.,Les chiens travaillent.
The dogs listen.,Les chiens écoutent.
The birds run.,Les oiseaux courent.
The birds walk.,Les oiseaux marchent.
The birds sleep.,Les oiseaux dorment.
The birds read.,Les oiseaux lisent.
The birds write.,Les oiseaux écrivent.
The birds wait.,Les oiseaux attendent.
The birds smile.,Les oiseaux sourient.
The birds sing.,Les oiseaux chantent.
The birds work.,Les oiseaux travaillent.
The birds listen.,Les oiseaux écoutent.
The rabbits run.,Les lapins courent.
The rabbits walk.,Les lapins marchent.
The rabbits sleep.,Les lapins dorment.
The rabbits read.,Les lapins lisent.
The rabbits write.,Les lapins écrivent.
The rabbits wait.,Les lapins attendent.
The rabbits smile.,Les lapins sourient.
The rabbits sing.,Les lapins chantent.
The rabbits work.,Les lapins travaillent.
The rabbits listen.,Les lapins écoutent.
The horses run.,Les chevaux courent.
The horses walk.,Les chevaux marchent.
The horses sleep.,Les chevaux dorment.
The horses read.,Les chevaux lisent.
The horses write.,Les chevaux écrivent.
The horses wait.,Les chevaux attendent.
The horses smile.,Les chevaux sourient.
The horses sing.,Les chevaux chantent.
The horses work.,Les chevaux travaillent.
The horses listen.,Les chevaux écoutent.
The children run.,Les enfants courent.
The children walk.,Les enfants marchent.
The children sleep.,Les enfants dorment.
The children read.,Les enfants lisent.
The children write.,Les enfants écrivent.
The children wait.,Les enfants attendent.
The children smile.,Les enfants sourient.
The children sing.,Les enfants chantent.
The children work.,Les enfants travaillent.
The children listen.,Les enfants écoutent.
The teachers run.,Les professeurs courent.
The teachers walk.,Les professeurs marchent.
The teachers sleep.,Les professeurs dorment.
The teachers read.,Les professeurs lisent.
The teachers write.,Les professeurs écrivent.
The teachers wait.,Les professeurs attendent.
The teachers smile.,Les professeurs sourient.
The teachers sing.,Les professeurs chantent.
The teachers work.,Les professeurs travaillent.
The teachers listen.,Les professeurs écoutent.
The doctors run.,Les médecins courent.
The doctors walk.,Les médecins marchent.
The doctors sleep.,Les médecins dorment.
The doctors read.,Les médecins lisent.
The doctors write.,Les médecins écrivent.
The doctors wait.,Les médecins attendent.
The doctors smile.,Les médecins sourient.
The doctors sing.,Les médecins chantent.
The doctors work.,Les médecins travaillent.
The doctors listen.,Les médecins écoutent.
The friends run.,Les amis courent.
The friends walk.,Les amis marchent.
The friends sleep.,Les amis dorment.
The friends read.,Les amis lisent.
The friends write.,Les amis écrivent.
The friends wait.,Les amis attendent.
The friends smile.,Les amis sourient.
The friends sing.,Les amis chantent.
The friends work.,Les amis travaillent.
The friends listen.,Les amis écoutent.
The students run.,Les étudiants courent.
The students walk.,Les étudiants marchent.
The students sleep.,Les étudiants dorment.
The students read.,Les étudiants lisent.
The students write.,Les étudiants écrivent.
The students wait.,Les étudiants attendent.
The students smile.,Les étudiants sourient.
The students sing.,Les étudiants chantent.
The students work.,Les étudiants travaillent.
The students listen.,Les étudiants écoutent.
Is the cat in the garden?,Le chat est-il dans le jardin ?
Is the cat at home?,Le chat est-il à la maison ?
Is the cat in the school?,Le chat est-il dans l'école ?
Is the cat in the park?,Le chat est-il dans le parc ?
Is the cat in the kitchen?,Le chat est-il dans la cuisine ?
Is the cat in the room?,Le chat est-il dans la chambre ?
Is the cat on the street?,Le chat est-il dans la rue ?
Is the cat at the station?,Le chat est-il à la gare ?
Is the cat in the village?,Le chat est-il dans le village ?
Is the cat near the river?,Le chat est-il près de la rivière ?
Is the dog in the garden?,Le chien est-il dans le jardin ?
Is the dog at home?,Le chien est-il à la maison ?
Is the dog in the school?,Le chien est-il dans l'école ?
Is the dog in the park?,Le chien est-il dans le parc ?
Is the dog in the kitchen?,Le chien est-il dans la cuisine ?
Is the dog in the room?,Le chien est-il dans la chambre ?
Is the dog on the street?,Le chien est-il dans la rue ?
Is the dog at the station?,Le chien est-il à la gare ?
Is the dog in the village?,Le chien est-il dans le village ?
Is the dog near the river?,Le chien est-il près de la rivière ?
Is the bird in the garden?,L'oiseau est-il dans le jardin ?
Is the bird at home?,L'oiseau est-il à la maison ?
Is the bird in the school?,L'oiseau est-il dans l'école ?
Is the bird in the park?,L'oiseau est-il dans le parc ?
Is the bird in the kitchen?,L'oiseau est-il dans la cuisine ?
Is the bird in the room?,L'oiseau est-il dans la chambre ?
Is the bird on the street?,L'oiseau est-il dans la rue ?
Is the bird at the station?,L'oiseau est-il à la gare ?
Is the bird in the village?,L'oiseau est-il dans le village ?
Is the bird near the river?,L'oiseau est-il près de la rivière ?
Is the rabbit in the garden?,Le lapin est-il dans le jardin ?
Is the rabbit at home?,Le lapin est-il à la maison ?
Is the rabbit in the school?,Le lapin est-il dans l'école ?
Is the rabbit in the park?,Le lapin est-il dans le parc ?
Is the rabbit in the kitchen?,Le lapin est-il dans la cuisine ?
Is the rabbit in the room?,Le lapin est-il dans la chambre ?
Is the rabbit on the street?,Le lapin est-il dans la rue ?
Is the rabbit at the station?,Le lapin est-il à la gare ?
Is the rabbit in the village?,Le lapin est-il dans le village ?
Is the rabbit near the river?,Le lapin est-il près de la rivière ?
Is the horse in the garden?,Le cheval est-il dans le jardin ?
Is the horse at home?,Le cheval est-il à la maison ?
Is the horse in the school?,Le cheval est-il dans l'école ?
Is the horse in the park?,Le cheval est-il dans le parc ?
Is the horse in the kitchen?,Le cheval est-il dans la cuisine ?
Is the horse in the room?,Le cheval est-il dans la chambre ?
Is the horse on the street?,Le cheval est-il dans la rue ?
Is the horse at the station?,Le cheval est-il à la gare ?
Is the horse in the village?,Le cheval est-il dans le village ?
Is the horse near the river?,Le cheval est-il près de la rivière ?
Is the child in the garden?,L'enfant est-il dans le jardin ?
Is the child at home?,L'enfant est-il à la maison ?
Is the child in the school?,L'enfant est-il dans l'école ?
Is the child in the park?,L'enfant est-il dans le parc ?
Is the child in the kitchen?,L'enfant est-il dans la cuisine ?
Is the child in the room?,L'enfant est-il dans la chambre ?
Is the child on the street?,L'enfant est-il dans la rue ?
Is the child at the station?,L'enfant est-il à la gare ?
Is the child in the village?,L'enfant est-il dans le village ?
Is the child near the river?,L'enfant est-il près de la rivière ?
Is the teacher in the garden?,Le professeur est-il dans le jardin ?
Is the teacher at home?,Le professeur est-il à la maison ?
Is the teacher in the school?,Le professeur est-il dans l'école ?
Is the teacher in the park?,Le professeur est-il dans le parc ?
Is the teacher in the kitchen?,Le professeur est-il dans la cuisine ?
Is the teacher in the room?,Le professeur est-il dans la chambre ?
Is the teacher on the street?,Le professeur est-il dans la rue ?
Is the teacher at the station?,Le professeur est-il à la gare ?
Is the teacher in the village?,Le professeur est-il dans le village ?
Is the teacher near the river?,Le professeur est-il près de la rivière ?
Is the doctor in the garden?,Le médecin est-il dans le jardin ?
Is the doctor at home?,Le médecin est-il à la maison ?
Is the doctor in the school?,Le médecin est-il dans l'école ?
Is the doctor in the park?,Le médecin est-il dans le parc ?
Is the doctor in the kitchen?,Le médecin est-il dans la cuisine ?
Is the doctor in the room?,Le médecin est-il dans la chambre ?
Is the doctor on the street?,Le médecin est-il dans la rue ?
Is the doctor at the station?,Le médecin est-il à la gare ?
Is the doctor in the village?,Le médecin est-il dans le village ?
Is the doctor near the river?,Le médecin est-il près de la rivière ?
Is the friend in the garden?,L'ami est-il dans le jardin ?
Is the friend at home?,L'ami est-il à la maison ?
Is the friend in the school?,L'ami est-il dans l'école ?
Is the friend in the park?,L'ami est-il dans le parc ?
Is the friend in the kitchen?,L'ami est-il dans la cuisine ?
Is the friend in the room?,L'ami est-il dans la chambre ?
Is the friend on the street?,L'ami est-il dans la rue ?
Is the friend at the station?,L'ami est-il à la gare ?
Is the friend in the village?,L'ami est-il dans le village ?
Is the friend near the river?,L'ami est-il près de la rivière ?
Is the student in the garden?,L'étudiant est-il dans le jardin ?
Is the student at home?,L'étudiant est-il à la maison ?
Is the student in the school?,L'étudiant est-il dans l'école ?
Is the student in the park?,L'étudiant est-il dans le parc ?
Is the student in the kitchen?,L'étudiant est-il dans la cuisine ?
Is the student in the room?,L'étudiant est-il dans la chambre ?
Is the student on the street?,L'étudiant est-il dans la rue ?
Is the student at the station?,L'étudiant est-il à la gare ?
Is the student in the village?,L'étudiant est-il dans le village ?
Is the student near the river?,L'étudiant est-il près de la rivière ?
The cat is happy.,Le chat est heureux.
The cat is tired.,Le chat est fatigué.
The cat is ready.,Le chat est prêt.
The cat is calm.,Le chat est calme.
The cat is busy.,Le chat est occupé.
The cat is kind.,Le chat est gentil.
The cat is quiet.,Le chat est silencieux.
The cat is strong.,Le chat est fort.
The cat is young.,Le chat est jeune.
The cat is safe.,Le chat est en sécurité.
The dog is happy.,Le chien est heureux.
The dog is tired.,Le chien est fatigué.
The dog is ready.,Le chien est prêt.
The dog is calm.,Le chien est calme.
The dog is busy.,Le chien est occupé.
The dog is kind.,Le chien est gentil.
The dog is quiet.,Le chien est silencieux.
The dog is strong.,Le chien est fort.
The dog is young.,Le chien est jeune.
The dog is safe.,Le chien est en sécurité.
The bird is happy.,L'oiseau est heureux.
The bird is tired.,L'oiseau est fatigué.
The bird is ready.,L'oiseau est prêt.
The bird is calm.,L'oiseau est calme.
The bird is busy.,L'oiseau est occupé.
The bird is kind.,L'oiseau est gentil.
The bird is quiet.,L'oiseau est silencieux.
The bird is strong.,L'oiseau est fort.
The bird is young.,L'oiseau est jeune.
The bird is safe.,L'oiseau est en sécurité.
The rabbit is happy.,Le lapin est heureux.
The rabbit is tired.,Le lapin est fatigué.
The rabbit is ready.,Le lapin est prêt.
The rabbit is calm.,Le lapin est calme.
The rabbit is busy.,Le lapin est occupé.
The rabbit is kind.,Le lapin est gentil.
The rabbit is quiet.,Le lapin est silencieux.
The rabbit is strong.,Le lapin est fort.
The rabbit is young.,Le lapin est jeune.
The rabbit is safe.,Le lapin est en sécurité.
The horse is happy.,Le cheval est heureux.
The horse is tired.,Le cheval est fatigué.
The horse is ready.,Le cheval est prêt.
The horse is calm.,Le cheval est calme.
The horse is busy.,Le cheval est occupé.
The horse is kind.,Le cheval est gentil.
The horse is quiet.,Le cheval est silencieux.
The horse is strong.,Le cheval est fort.
The horse is young.,Le cheval est jeune.
The horse is safe.,Le cheval est en sécurité.
The child is happy.,L'enfant est heureux.
The child is tired.,L'enfant est fatigué.
The child is ready.,L'enfant est prêt.
The child is calm.,L'enfant est calme.
The child is busy.,L'enfant est occupé.
The child is kind.,L'enfant est gentil.
The child is quiet.,L'enfant est silencieux.
The child is strong.,L'enfant est fort.
The child is young.,L'enfant est jeune.
The child is safe.,L'enfant est en sécurité.
The teacher is happy.,Le professeur est heureux.
The teacher is tired.,Le professeur est fatigué.
The teacher is ready.,Le professeur est prêt.
The teacher is calm.,Le professeur est calme.
The teacher is busy.,Le professeur est occupé.
The teacher is kind.,Le professeur est gentil.
The teacher is quiet.,Le professeur est silencieux.
The teacher is strong.,Le professeur est fort.
The teacher is young.,Le professeur est jeune.
The teacher is safe.,Le professeur est en sécurité.
The doctor is happy.,Le médecin est heureux.
The doctor is tired.,Le médecin est fatigué.
The doctor is ready.,Le médecin est prêt.
The doctor is calm.,Le médecin est calme.
The doctor is busy.,Le médecin est occupé.
The doctor is kind.,Le médecin est gentil.
The doctor is quiet.,Le médecin est silencieux.
The doctor is strong.,Le médecin est fort.
The doctor is young.,Le médecin est jeune.
The doctor is safe.,Le médecin est en sécurité.
The friend is happy.,L'ami est heureux.
The friend is tired.,L'ami est fatigué.
The friend is ready.,L'ami est prêt.
The friend is calm.,L'ami est calme.
The friend is busy.,L'ami est occupé.
The friend is kind.,L'ami est gentil.
The friend is quiet.,L'ami est silencieux.
The friend is strong.,L'ami est fort.
The friend is young.,L'ami est jeune.
The friend is safe.,L'ami est en sécurité.
The student is happy.,L'étudiant est heureux.
The student is tired.,L'étudiant est fatigué.
The student is ready.,L'étudiant est prêt.
The student is calm.,L'étudiant est calme.
The student is busy.,L'étudiant est occupé.
The student is kind.,L'étudiant est gentil.
The student is quiet.,L'étudiant est silencieux.
The student is strong.,L'étudiant est fort.
The student is young.,L'étudiant est jeune.
The student is safe.,L'étudiant est en sécurité.
Open a book.,Ouvre un livre.
Open a ball.,Ouvre une balle.
Open an apple.,Ouvre une pomme.
Open a key.,Ouvre une clé.
Open a bag.,Ouvre un sac.
Open a letter.,Ouvre une lettre.
Open a flower.,Ouvre une fleur.
Open a chair.,Ouvre une chaise.
Open a map.,Ouvre une carte.
Open a phone.,Ouvre un téléphone.
Close a book.,Ferme un livre.
Close a ball.,Ferme une balle.
Close an apple.,Ferme une pomme.
Close a key.,Ferme une clé.
Close a bag.,Ferme un sac.
Close a letter.,Ferme une lettre.
Close a flower.,Ferme une fleur.
Close a chair.,Ferme une chaise.
Close a map.,Ferme une carte.
Close a phone.,Ferme un téléphone.
Take a book.,Prends un livre.
Take a ball.,Prends une balle.
Take an apple.,Prends une pomme.
Take a key.,Prends une clé.
Take a bag.,Prends un sac.
Take a letter.,Prends une lettre.
Take a flower.,Prends une fleur.
Take a chair.,Prends une chaise.
Take a map.,Prends une carte.
Take a phone.,Prends un téléphone.
Bring a book.,Apporte un livre.
Bring a ball.,Apporte une balle.
Bring an apple.,Apporte une pomme.
Bring a key.,Apporte une clé.
Bring a bag.,Apporte un sac.
Bring a letter.,Apporte une lettre.
Bring a flower.,Apporte une fleur.
Bring a chair.,Apporte une chaise.
Bring a map.,Apporte une carte.
Bring a phone.,Apporte un téléphone.
Find a book.,Trouve un livre.
Find a ball.,Trouve une balle.
Find an apple.,Trouve une pomme.
Find a key.,Trouve une clé.
Find a bag.,Trouve un sac.
Find a letter.,Trouve une lettre.
Find a flower.,Trouve une fleur.
Find a chair.,Trouve une chaise.
Find a map.,Trouve une carte.
Find a phone.,Trouve un téléphone.
Read a book.,Lis un livre.
Read a ball.,Lis une balle.
Read an apple.,Lis une pomme.
Read a key.,Lis une clé.
Read a bag.,Lis un sac.
Read a letter.,Lis une lettre.
Read a flower.,Lis une fleur.
Read a chair.,Lis une chaise.
Read a map.,Lis une carte.
Read a phone.,Lis un téléphone.
Write a book.,Écris un livre.
Write a ball.,Écris une balle.
Write an apple.,Écris une pomme.
Write a key.,Écris une clé.
Write a bag.,Écris un sac.
Write a letter.,Écris une lettre.
Write a flower.,Écris une fleur.
Write a chair.,Écris une chaise.
Write a map.,Écris une carte.
Write a phone.,Écris un téléphone.
Keep a book.,Garde un livre.
Keep a ball.,Garde une balle.
Keep an apple.,Garde une pomme.
Keep a key.,Garde une clé.
Keep a bag.,Garde un sac.
Keep a letter.,Garde une lettre.
Keep a flower.,Garde une fleur.
Keep a chair.,Garde une chaise.
Keep a map.,Garde une carte.
Keep a phone.,Garde un téléphone.
Show a book.,Montre un livre.
Show a ball.,Montre une balle.
Show an apple.,Montre une pomme.
Show a key.,Montre une clé.
Show a bag.,Montre un sac.
Show a letter.,Montre une lettre.
Show a flower.,Montre une fleur.
Show a chair.,Montre une chaise.
Show a map.,Montre une carte.
Show a phone.,Montre un téléphone.
Use a book.,Utilise un livre.
Use a ball.,Utilise une balle.
Use an apple.,Utilise une pomme.
Use a key.,Utilise une clé.
Use a bag.,Utilise un sac.
Use a letter.,Utilise une lettre.
Use a flower.,Utilise une fleur.
Use a chair.,Utilise une chaise.
Use a map.,Utilise une carte.
Use a phone.,Utilise un téléphone.
Is the cat happy?,Le chat est-il heureux ?
Is the cat tired?,Le chat est-il fatigué ?
Is the cat ready?,Le chat est-il prêt ?
Is the cat calm?,Le chat est-il calme ?
Is the cat busy?,Le chat est-il occupé ?
Is the cat kind?,Le chat est-il gentil ?
Is the cat quiet?,Le chat est-il silencieux ?
Is the cat strong?,Le chat est-il fort ?
Is the cat young?,Le chat est-il jeune ?
Is the cat safe?,Le chat est-il en sécurité ?
Is the dog happy?,Le chien est-il heureux ?
Is the dog tired?,Le chien est-il fatigué ?
Is the dog ready?,Le chien est-il prêt ?
Is the dog calm?,Le chien est-il calme ?
Is the dog busy?,Le chien est-il occupé ?
Is the dog kind?,Le chien est-il gentil ?
Is the dog quiet?,Le chien est-il silencieux ?
Is the dog strong?,Le chien est-il fort ?
Is the dog young?,Le chien est-il jeune ?
Is the dog safe?,Le chien est-il en sécurité ?
Is the bird happy?,L'oiseau est-il heureux ?
Is the bird tired?,L'oiseau est-il fatigué ?
Is the bird ready?,L'oiseau est-il prêt ?
Is the bird calm?,L'oiseau est-il calme ?
Is the bird busy?,L'oiseau est-il occupé ?
Is the bird kind?,L'oiseau est-il gentil ?
Is the bird quiet?,L'oiseau est-il silencieux ?
Is the bird strong?,L'oiseau est-il fort ?
Is the bird young?,L'oiseau est-il jeune ?
Is the bird safe?,L'oiseau est-il en sécurité ?
Is the rabbit happy?,Le lapin est-il heureux ?
Is the rabbit tired?,Le lapin est-il fatigué ?
Is the rabbit ready?,Le lapin est-il prêt ?
Is the rabbit calm?,Le lapin est-il calme ?
Is the rabbit busy?,Le lapin est-il occupé ?
Is the rabbit kind?,Le lapin est-il gentil ?
Is the rabbit quiet?,Le lapin est-il silencieux ?
Is the rabbit strong?,Le lapin est-il fort ?
Is the rabbit young?,Le lapin est-il jeune ?
Is the rabbit safe?,Le lapin est-il en sécurité ?
Is the horse happy?,Le cheval est-il heureux ?
Is the horse tired?,Le cheval est-il fatigué ?
Is the horse ready?,Le cheval est-il prêt ?
Is the horse calm?,Le cheval est-il calme ?
Is the horse busy?,Le cheval est-il occupé ?
Is the horse kind?,Le cheval est-il gentil ?
Is the horse quiet?,Le cheval est-il silencieux ?
Is the horse strong?,Le cheval est-il fort ?
Is the horse young?,Le cheval est-il jeune ?
Is the horse safe?,Le cheval est-il en sécurité ?
Is the child happy?,L'enfant est-il heureux ?
Is the child tired?,L'enfant est-il fatigué ?
Is the child ready?,L'enfant est-il prêt ?
Is the child calm?,L'enfant est-il calme ?
Is the child busy?,L'enfant est-il occupé ?
Is the child kind?,L'enfant est-il gentil ?
Is the child quiet?,L'enfant est-il silencieux ?
Is the child strong?,L'enfant est-il fort ?
Is the child young?,L'enfant est-il jeune ?
Is the child safe?,L'enfant est-il en sécurité ?
Is the teacher happy?,Le professeur est-il heureux ?
Is the teacher tired?,Le professeur est-il fatigué ?
Is the teacher ready?,Le professeur est-il prêt ?
Is the teacher calm?,Le professeur est-il calme ?
Is the teacher busy?,Le professeur est-il occupé ?
Is the teacher kind?,Le professeur est-il gentil ?
Is the teacher quiet?,Le professeur est-il silencieux ?
Is the teacher strong?,Le professeur est-il fort ?
Is the teacher young?,Le professeur est-il jeune ?
Is the teacher safe?,Le professeur est-il en sécurité ?
Is the doctor happy?,Le médecin est-il heureux ?
Is the doctor tired?,Le médecin est-il fatigué ?
Is the doctor ready?,Le médecin est-il prêt ?
Is the doctor calm?,Le médecin est-il calme ?
Is the doctor busy?,Le médecin est-il occupé ?
Is the doctor kind?,Le médecin est-il gentil ?
Is the doctor quiet?,Le médecin est-il silencieux ?
Is the doctor strong?,Le médecin est-il fort ?
Is the doctor young?,Le médecin est-il jeune ?
Is the doctor safe?,Le médecin est-il en sécurité ?
Is the friend happy?,L'ami est-il heureux ?
Is the friend tired?,L'ami est-il fatigué ?
Is the friend ready?,L'ami est-il prêt ?
Is the friend calm?,L'ami est-il calme ?
Is the friend busy?,L'ami est-il occupé ?
Is the friend kind?,L'ami est-il gentil ?
Is the friend quiet?,L'ami est-il silencieux ?
Is the friend strong?,L'ami est-il fort ?
Is the friend young?,L'ami est-il jeune ?
Is the friend safe?,L'ami est-il en sécurité ?
Is the student happy?,L'étudiant est-il heureux ?
Is the student tired?,L'étudiant est-il fatigué ?
Is the student ready?,L'étudiant est-il prêt ?
Is the student calm?,L'étudiant est-il calme ?
Is the student busy?,L'étudiant est-il occupé ?
Is the student kind?,L'étudiant est-il gentil ?
Is the student quiet?,L'étudiant est-il silencieux ?
Is the student strong?,L'étudiant est-il fort ?
Is the student young?,L'étudiant est-il jeune ?
Is the student safe?,L'étudiant est-il en sécurité ?
The cat sees a book.,Le chat voit un livre.
The cat sees a ball.,Le chat voit une balle.
The cat sees an apple.,Le chat voit une pomme.
The cat sees a key.,Le chat voit une clé.
The cat sees a bag.,Le chat voit un sac.
The cat sees a letter.,Le chat voit une lettre.
The cat sees a flower.,Le chat voit une fleur.
The cat sees a chair.,Le chat voit une chaise.
The cat sees a map.,Le chat voit une carte.
The cat sees a phone.,Le chat voit un téléphone.
The dog sees a book.,Le chien voit un livre.
The dog sees a ball.,Le chien voit une balle.
The dog sees an apple.,Le chien voit une pomme.
The dog sees a key.,Le chien voit une clé.
The dog sees a bag.,Le chien voit un sac.
The dog sees a letter.,Le chien voit une lettre.
The dog sees a flower.,Le chien voit une fleur.
The dog sees a chair.,Le chien voit une chaise.
The dog sees a map.,Le chien voit une carte.
The dog sees a phone.,Le chien voit un téléphone.
The bird sees a book.,L'oiseau voit un livre.
The bird sees a ball.,L'oiseau voit une balle.
The bird sees an apple.,L'oiseau voit une pomme.
The bird sees a key.,L'oiseau voit une clé.
The bird sees a bag.,L'oiseau voit un sac.
The bird sees a letter.,L'oiseau voit une lettre.
The bird sees a flower.,L'oiseau voit une fleur.
The bird sees a chair.,L'oiseau voit une chaise.
The bird sees a map.,L'oiseau voit une carte.
The bird sees a phone.,L'oiseau voit un téléphone.
The rabbit sees a book.,Le lapin voit un livre.
The rabbit sees a ball.,Le lapin voit une balle.
The rabbit sees an apple.,Le lapin voit une pomme.
The rabbit sees a key.,Le lapin voit une clé.
The rabbit sees a bag.,Le lapin voit un sac.
The rabbit sees a letter.,Le lapin voit une lettre.
The rabbit sees a flower.,Le lapin voit une fleur.
The rabbit sees a chair.,Le lapin voit une chaise.
The rabbit sees a map.,Le lapin voit une carte.
The rabbit sees a phone.,Le lapin voit un téléphone.
The horse sees a book.,Le cheval voit un livre.
The horse sees a ball.,Le cheval voit une balle.
The horse sees an apple.,Le cheval voit une pomme.
The horse sees a key.,Le cheval voit une clé.
The horse sees a bag.,Le cheval voit un sac.
The horse sees a letter.,Le cheval voit une lettre.
The horse sees a flower.,Le cheval voit une fleur.
The horse sees a chair.,Le cheval voit une chaise.
The horse sees a map.,Le cheval voit une carte.
The horse sees a phone.,Le cheval voit un téléphone.
The child sees a book.,L'enfant voit un livre.
The child sees a ball.,L'enfant voit une balle.
The child sees an apple.,L'enfant voit une pomme.
The child sees a key.,L'enfant voit une clé.
The child sees a bag.,L'enfant voit un sac.
The child sees a letter.,L'enfant voit une lettre.
The child sees a flower.,L'enfant voit une fleur.
The child sees a chair.,L'enfant voit une chaise.
The child sees a map.,L'enfant voit une carte.
The child sees a phone.,L'enfant voit un téléphone.
The teacher sees a book.,Le professeur voit un livre.
The teacher sees a ball.,Le professeur voit une balle.
The teacher sees an apple.,Le professeur voit une pomme.
The teacher sees a key.,Le professeur voit une clé.
The teacher sees a bag.,Le professeur voit un sac.
The teacher sees a letter.,Le professeur voit une lettre.
The teacher sees a flower.,Le professeur voit une fleur.
The teacher sees a chair.,Le professeur voit une chaise.
The teacher sees a map.,Le professeur voit une carte.
The teacher sees a phone.,Le professeur voit un téléphone.
The doctor sees a book.,Le médecin voit un livre.
The doctor sees a ball.,Le médecin voit une balle.
The doctor sees an apple.,Le médecin voit une pomme.
The doctor sees a key.,Le médecin voit une clé.
The doctor sees a bag.,Le médecin voit un sac.
The doctor sees a letter.,Le médecin voit une lettre.
The doctor sees a flower.,Le médecin voit une fleur.
The doctor sees a chair.,Le médecin voit une chaise.
The doctor sees a map.,Le médecin voit une carte.
The doctor sees a phone.,Le médecin voit un téléphone.
The friend sees a book.,L'ami voit un livre.
The friend sees a ball.,L'ami voit une balle.
The friend sees an apple.,L'ami voit une pomme.
The friend sees a key.,L'ami voit une clé.
The friend sees a bag.,L'ami voit un sac.
The friend sees a letter.,L'ami voit une lettre.
The friend sees a flower.,L'ami voit une fleur.
The friend sees a chair.,L'ami voit une chaise.
The friend sees a map.,L'ami voit une carte.
The friend sees a phone.,L'ami voit un téléphone.
The student sees a book.,L'étudiant voit un livre.
The student sees a ball.,L'étudiant voit une balle.
The student sees an apple.,L'étudiant voit une pomme.
The student sees a key.,L'étudiant voit une clé.
The student sees a bag.,L'étudiant voit un sac.
The student sees a letter.,L'étudiant voit une lettre.
The student sees a flower.,L'étudiant voit une fleur.
The student sees a chair.,L'étudiant voit une chaise.
The student sees a map.,L'étudiant voit une carte.
The student sees a phone.,L'étudiant voit un téléphone.
